"category","subcategory","ID","Description","GeneRatio","BgRatio","RichFactor","FoldEnrichment","zScore","pvalue","p.adjust","qvalue","geneID","Count"
"Cellular Processes","Transport and catabolism","hsa04144","Endocytosis","133/3074","250/9370",0.532,1.62161353285621,6.96080130822695,1.30238622754252e-11,4.57137565867423e-09,2.50880715410822e-09,"6457/57403/10890/375/10096/83737/10097/378/51534/81873/7852/10092/3312/10093/5584/60682/1956/832/7879/10564/57132/50807/11059/5878/10254/8723/387/9135/8027/998/6642/3482/56904/10565/3310/23325/10617/10109/55737/10552/2348/5868/1175/5156/51324/11031/7037/100287171/51100/4218/10094/128866/27131/3949/830/382/8394/157/84612/5869/858/23111/8724/857/23327/6643/163/8766/51699/30846/4734/1213/408/3480/55048/25978/3799/2263/55040/377/5867/51510/3304/3303/10193/4087/58533/9897/9815/829/137492/55738/116987/2264/3133/26286/10015/3134/274/10095/84313/6714/3560/80223/30011/3561/7251/147179/22905/253725/387680/1601/5337/644150/2350/5371/64411/160/9265/7048/23362/3106/56288/7046/3107/7456/2261/8729/2869/84440/4193/8976/64750",133
"Cellular Processes","Cell growth and death","hsa04110","Cell cycle","92/3074","158/9370",0.582278481012658,1.77486967049076,6.86351255630915,3.30466163057987e-11,5.79968116166767e-09,3.18291093892692e-09,"9212/991/891/9133/4085/7272/699/10403/9232/890/113130/9319/1111/983/701/8318/10926/4171/4173/4175/26271/7043/5111/5527/57082/9088/7534/7533/7027/898/4172/10459/5591/5515/5885/9134/4176/23063/9700/25836/7531/2932/9184/10971/10393/1017/7529/5519/9587/4089/8379/9126/8454/6500/1022/8317/990/5001/8697/4616/996/8243/51433/10735/1028/23047/472/1875/546/5518/23244/29945/1019/1031/4087/4999/545/1021/7040/10274/25/8881/8555/595/5934/23383/5529/51434/7029/4193/7157/1026",92
"Genetic Information Processing","Folding, sorting and degradation","hsa04141","Protein processing in endoplasmic reticulum","95/3074","174/9370",0.545977011494253,1.66421750087871,6.17947598043128,1.91555067015966e-09,2.24119428408681e-07,1.22998516715515e-07,"23471/7494/5034/10802/596/6745/10808/7326/10130/6185/51128/3312/3326/55768/23190/3337/29927/51465/29979/5887/58505/1965/54431/10483/22926/7184/7322/7466/821/30001/7321/3310/51035/79139/10294/9601/8454/51726/6500/3301/5611/84061/55968/80267/9451/581/4287/1650/3703/11231/1603/55973/3320/811/3309/5886/23480/10277/7323/10299/9871/23193/7327/80331/1410/56681/201595/27248/10525/3304/3303/5601/6238/22872/10970/9373/6400/9532/267/26270/2923/8720/7415/55829/55176/9695/6747/4780/10427/55741/258010/573/51619/55757/26232",95
"Cellular Processes","Transport and catabolism","hsa04145","Phagosome","85/3074","155/9370",0.548387096774194,1.67156379205406,5.89076426250368,1.02939165620688e-08,9.03291178321535e-07,4.95733350225944e-07,"3113/3122/3126/3123/3127/3125/7058/3117/3118/4074/2212/9103/528/523/2209/3689/3119/29927/1536/7879/5879/203068/84790/3109/22925/948/5878/821/9550/1311/9341/10376/5868/4481/7037/3916/1520/533/51382/79659/527/3688/2215/2214/5869/11151/7280/347733/83547/811/3684/10381/9296/23480/64581/71/1778/8992/23545/23673/537/4360/10383/9554/9114/526/4688/7057/3133/55176/3920/3134/6890/1514/1535/1783/718/3106/4973/3107/51606/51143/338382/30835/113457",85
"Human Diseases","Cancer: specific types","hsa05215","Prostate cancer","63/3074","106/9370",0.594339622641509,1.81163378794761,5.87191782309519,1.40096274174231e-08,9.83475844703103e-07,5.39739329976512e-07,"2064/5594/367/596/898/3326/9134/1956/51176/3479/80310/5295/2932/7184/5970/3551/1017/4893/2348/148327/5156/3845/1385/6934/4318/5604/2885/83439/3320/5290/207/6654/5328/3480/2263/5728/5170/90993/2346/6573/2950/4790/2119/6935/354/2308/2078/5154/4314/2260/1147/10488/595/8503/2350/10000/673/1950/6692/9586/4193/7157/1026",63
"Human Diseases","Cardiovascular disease","hsa05418","Fluid shear stress and atherosclerosis","78/3074","142/9370",0.549295774647887,1.67433357464239,5.65758847250851,3.76481830015248e-08,2.2024187055892e-06,1.20870482268053e-06,"5175/657/2949/596/3326/4259/5879/6885/5295/5607/7184/387/7341/5970/3551/7295/6612/4208/5747/6613/4318/2941/6382/3320/858/5290/207/857/7422/6347/1728/71/1432/801/805/6416/9181/445/659/5601/658/387082/2946/808/2353/5603/2947/3383/4688/2944/92/1003/2950/4790/6714/5154/5600/1843/1147/1514/9446/1535/3162/4780/5562/8503/90/10000/8878/5881/1906/810/4257/7157/6383/5880/2939/2938",78
"Human Diseases","Infectious disease: bacterial","hsa05130","Pathogenic Escherichia coli infection","102/3074","200/9370",0.51,1.55455432661028,5.53911802977227,5.86347342214356e-08,2.94011310167484e-06,1.61355734774778e-06,"5594/7430/375/10096/7122/10972/10097/54205/3059/10802/2212/10061/81873/5861/10092/10093/149461/2597/114483834/10006/5879/203068/84790/6885/4629/387/998/5970/3551/5010/4671/5062/836/10109/10552/10376/55971/4646/581/4690/10094/4615/23118/382/3688/5781/7280/347733/10381/4430/7082/9368/9871/71/1432/9181/10163/4642/7009/8737/5601/2149/841/55930/2353/5603/10383/1365/8743/6093/100506658/4790/3071/1902/10095/10672/6714/2017/5063/29108/147179/5600/25/9073/644150/64005/1147/10427/8772/5058/4644/9265/840/1366/7456/4627/4645/1364/26999/10810/8976/113457",102
"Human Diseases","Cancer: overview","hsa05205","Proteoglycans in cancer","103/3074","204/9370",0.504901960784314,1.53901476010053,5.43866121364231,9.74492977789271e-08,4.17881001665615e-06,2.29336402173662e-06,"2099/2064/1278/5594/1277/7430/1634/3059/406991/3316/1956/5879/5329/2335/3481/3479/8322/5295/5500/387/998/2066/10451/5962/836/4893/2065/22808/5747/3845/5499/4318/3082/5604/4060/2247/4660/2885/6382/3688/5781/858/5290/207/857/7422/6654/5328/3708/3480/3710/71/8826/1432/287/84309/6774/4087/4233/5170/5603/960/1975/7040/6093/5727/4659/27250/2719/7057/8324/6714/2017/8323/1655/7078/5600/2549/2260/6198/117581/22800/1514/7074/595/8503/5058/818/10000/673/7976/3709/5578/817/3236/4193/7157/7474/6383/5567/7291/1026/8325",103
"Environmental Information Processing","Signaling molecules and interaction","hsa04518","Integrin signaling","82/3074","154/9370",0.532467532467532,1.62303863995471,5.44716211381983,1.07148974786055e-07,4.17881001665615e-06,2.29336402173662e-06,"7450/2064/1278/2277/7148/7058/1277/1293/6696/2321/3679/5649/3689/55742/1956/5879/3384/131873/2335/3908/3479/1834/80310/5295/2932/55679/998/1311/255743/2200/3913/5747/3910/5156/9459/3082/3688/3987/5290/207/3672/7422/3684/83660/3480/63923/71/1282/1291/158326/4233/3696/1284/7040/3383/999/7057/3680/22801/3914/3909/6714/5154/2317/595/8503/3694/3371/718/3918/10979/10000/1288/5881/1950/3381/3683/5880/3655/3676/3691/8515",82
"Human Diseases","Cancer: overview","hsa05203","Viral carcinogenesis","103/3074","205/9370",0.502439024390244,1.53150737102687,5.37633323222134,1.33483965945316e-07,4.6852872046806e-06,2.5713227124203e-06,"991/890/1111/983/5594/5902/7534/7533/2934/898/9134/5879/3190/1654/7874/5295/7531/387/998/5970/10971/3572/1017/7529/3716/6776/22938/8379/2965/836/5966/4893/9261/4067/148327/3845/1385/7188/2967/5366/27044/581/2885/1739/54145/85236/102724334/5290/28973/2959/9093/1108/6774/1019/6777/841/8339/1021/9114/8345/90993/5315/3017/10014/3249/2961/5610/3133/4790/8344/3134/7419/6714/2966/728340/8349/2960/3718/5922/8343/10488/4791/595/8503/10379/5934/3665/718/3106/3107/8346/6672/8363/8362/9586/730394/5423/4193/7157/8347/8365/5567/1026",103
"Human Diseases","Infectious disease: viral","hsa05165","Human papillomavirus infection","153/3074","333/9370",0.459459459459459,1.40049939334259,5.19969691228968,2.61270794408877e-07,7.91609923457149e-06,4.34441793350302e-06,"7450/1278/890/7148/5594/7058/1277/1293/9223/6696/6009/5527/1452/3679/5649/898/528/523/5515/2778/9134/5584/1956/131873/2335/3908/8322/5295/2932/998/5970/5520/3551/1857/9550/7283/1017/5663/3716/5519/4855/1311/836/4893/3913/148327/5747/3910/3845/1385/6934/5604/581/533/55012/51382/2885/1739/472/527/3688/83439/84612/5290/3993/207/3672/7422/5518/9296/6654/324/9368/63923/1282/29110/4853/1291/1108/8992/1019/84441/5728/23545/841/3696/537/4600/545/1021/1284/9114/90993/7249/5315/526/1741/4242/23462/7057/3680/5610/3133/6772/4790/22801/3134/3914/3909/8324/2308/8323/55502/6198/1147/10488/595/8503/27175/8772/10379/5934/3694/3371/9636/3106/3918/10000/56288/1288/3107/7976/5529/51606/4599/1950/8638/9586/9794/3381/57801/4193/7157/7474/3659/5567/3655/3676/1026/3691/5522/8515/8325",153
"Environmental Information Processing","Signal transduction","hsa04068","FoxO signaling pathway","72/3074","133/9370",0.541353383458647,1.65012400878579,5.27621816391292,2.70635871267401e-07,7.91609923457149e-06,4.34441793350302e-06,"891/9133/5594/7043/3643/1956/3276/3479/7874/5295/10733/9454/3551/1017/4089/6648/5105/4893/4616/3845/9140/604/4303/5604/5571/2885/51701/472/5290/207/6654/3480/10018/1432/901/6774/2309/3667/23678/100533105/5728/5601/5170/5603/8743/7040/6789/5564/11067/2308/5600/11345/23710/6794/8660/1147/5106/595/664/5562/8503/5934/7048/10000/673/7046/1950/6446/5565/4193/114907/1026",72
"Genetic Information Processing","Translation","hsa03013","Nucleocytoplasmic transport","61/3074","108/9370",0.564814814814815,1.72163787079207,5.27041722950496,3.07925383350293e-07,7.98098348618909e-06,4.38002692449424e-06,"10189/3838/4116/57510/9631/81929/4686/5901/23165/55706/5905/9972/23636/3836/7514/3840/1434/51808/55110/10762/11260/8480/4928/55308/7341/25909/6612/3842/51194/9939/22916/55705/3843/23225/6613/55161/10527/23279/9818/79023/23039/3837/3839/7329/5903/79711/84321/5411/9883/100101267/387082/7175/8563/1915/51068/5976/9775/57122/1917/79902/22794",61
"Cellular Processes","Cell growth and death","hsa04218","Cellular senescence","82/3074","157/9370",0.522292993630573,1.59202516275812,5.22703788555201,3.18329825659964e-07,7.98098348618909e-06,4.38002692449424e-06,"891/9133/890/1111/983/5594/2305/5810/6009/4605/7043/898/7416/9134/776/5295/5500/5970/1017/5481/4893/9261/22808/5928/4616/3845/5499/54822/5604/3364/472/5290/1875/207/4775/3708/3710/678/1432/801/805/1019/2309/10111/5728/4087/4683/808/5603/545/1021/7040/7249/4772/3133/4790/204851/3134/7419/2308/5054/5600/28996/22800/595/91750/8503/5934/5532/7048/677/3106/10000/8878/7046/3107/3709/3486/810/4193/7157/1026",82
"Cellular Processes","Cell growth and death","hsa04115","p53 signaling pathway","46/3074","75/9370",0.613333333333333,1.86952938625027,5.28270537239027,3.45127367943203e-07,8.07598040987095e-06,4.43216198832324e-06,"891/9133/6241/1111/983/51512/63970/54205/596/898/64326/9134/637/3479/1017/836/92344/4616/5366/581/472/55240/598/901/1019/5728/841/64065/545/1021/7249/7057/143686/4194/5054/25898/84883/595/5268/50484/3486/64393/8493/4193/7157/1026",46
"Human Diseases","Drug resistance: antineoplastic","hsa01521","EGFR tyrosine kinase inhibitor resistance","48/3074","80/9370",0.6,1.82888744307092,5.20234187094394,4.94309389921392e-07,1.08439122414005e-05,5.95122489181676e-06,"2064/5594/596/9542/1956/9470/3479/80310/1977/5295/2932/3716/4893/2065/5156/3845/3082/5604/581/2247/2885/5290/207/7422/6654/3480/10018/598/6774/2263/2309/6464/5728/4233/6714/5154/2549/6198/8503/2621/4763/10000/673/2261/5578/1950/3717/3084",48
"Human Diseases","Endocrine and metabolic disease","hsa04933","AGE-RAGE signaling pathway in diabetic complications","57/3074","101/9370",0.564356435643564,1.72024066427463,5.08496625133468,7.75406881733589e-07,1.60098714993229e-05,8.78634423264686e-06,"1278/2277/1281/5594/1277/7043/596/1536/5879/2335/5295/998/5970/6776/4089/836/4893/3845/113026/581/50507/185/5580/5290/207/7422/6347/1432/1282/6774/1019/6777/5601/4087/5603/1284/7040/3383/4772/6772/4790/2308/5054/5600/595/1958/8503/7048/10000/1288/7046/2152/5578/3717/5333/1906/23236",57
"Environmental Information Processing","Signal transduction","hsa04151","PI3K-Akt signaling pathway","162/3074","362/9370",0.447513812154696,1.36408731941754,4.93641702319572,9.12252411790428e-07,1.77889220299133e-05,9.76270124898528e-06,"7450/2064/1278/2277/7148/5594/7058/1277/1293/9223/6696/2321/6009/5527/596/118788/2782/7534/3679/7533/5649/898/3326/5515/4170/9134/3643/1956/5879/131873/2335/2252/3908/3481/9470/3479/80310/1977/5295/7531/2932/7184/5970/5520/10971/3551/2066/5618/1017/7529/3716/5519/1311/5105/4893/2065/3913/148327/5747/3910/2246/5156/3845/1385/54331/3082/5604/4915/55012/2247/2885/3688/2783/3320/5290/2788/207/3672/7422/5518/6654/2791/2057/3480/10018/63923/598/1282/1291/1019/2263/2309/3667/23678/100533105/4254/5728/2149/4233/3696/5170/1975/1021/1284/2690/90993/7249/59345/7057/2264/3680/4790/22801/1902/54541/5979/3914/3909/10681/3560/3815/5154/3561/9863/3718/2260/6198/6794/1147/23035/10488/5106/595/5562/8503/1946/9180/5934/3694/1945/3371/3918/284/10000/1288/23239/2261/5529/5578/1950/3717/9586/3381/6446/4193/7157/3655/3676/1026/3691/5522/8515",162
"Cellular Processes","Cellular community - eukaryotes","hsa04510","Focal adhesion","99/3074","203/9370",0.487684729064039,1.48653412860444,4.89681734174811,1.37467929687081e-06,2.53953912211396e-05,1.39371917632885e-05,"7450/2064/1278/2277/7148/5594/7058/1277/1293/6696/2321/596/3679/5649/55742/1956/5879/131873/2335/3908/3479/80310/5295/5500/2932/387/1398/998/1311/10451/5062/5906/3913/5747/3910/5156/5499/3082/5604/331/4660/2885/8394/3688/858/5290/207/857/3672/7422/6654/4638/83660/3480/63923/71/1282/1291/6464/5728/5601/4233/3696/5170/1284/7408/6093/4659/2013/7057/3680/22801/3914/3909/6714/5063/5154/2317/595/8503/10398/5058/3694/1399/3371/3918/10000/2012/673/1288/5881/5578/1950/3381/5880/3655/3676/3691/8515",99
"Human Diseases","Infectious disease: viral","hsa05166","Human T-cell leukemia virus 1 infection","107/3074","224/9370",0.477678571428571,1.45603390184961,4.82693812330831,1.82607340656954e-06,3.20475882852955e-05,1.75879701790646e-05,"3113/991/9133/4085/9232/890/3122/1111/5594/3126/3123/3127/701/3125/3117/3118/5902/7043/5901/898/7416/4801/3689/3119/7514/196883/9134/3109/9700/5295/9184/5970/3551/10393/821/1017/3716/6776/4089/8379/4893/8697/148327/996/3845/1385/51433/5604/581/331/1739/472/5290/207/811/4775/29945/83660/598/6416/1019/1031/6777/5728/5601/4087/2353/545/90993/4488/7040/3383/4772/3133/4790/8295/3134/7419/3560/3561/4316/3718/8881/113/1147/10488/4791/595/1958/8503/4487/5532/7048/3106/10000/7046/3107/567/9586/51434/3683/5423/8829/7157/5567/1026/2114",107
"Human Diseases","Infectious disease: bacterial","hsa05132","Salmonella infection","116/3074","248/9370",0.467741935483871,1.42574558734023,4.7478517875287,2.52273263454052e-06,4.21656740344629e-05,2.31408557454092e-05,"5594/375/10096/4074/388/55207/10097/54205/596/81873/57381/10092/5788/10093/3326/3836/5898/2597/10006/8767/3840/1434/7879/5879/51176/203068/84790/10640/84516/5286/6885/63916/5878/7184/387/998/5216/5970/3551/51164/7295/4671/836/10109/6500/10552/10376/257364/5868/26263/6934/4646/5604/581/10094/4615/23118/382/79659/83439/5869/3320/3839/7280/347733/5290/207/83547/10381/64746/71/1432/1778/6416/3799/8737/399/26084/5601/841/2353/5603/10121/10383/8743/9367/6993/10392/4790/3071/27072/10095/51429/9842/5063/29108/5600/55770/1147/10398/8772/5058/6281/9265/60412/1783/5420/10000/840/3831/51143/338382/26999/10810/8976/113457",116
"Human Diseases","Cancer: specific types","hsa05212","Pancreatic cancer","45/3074","77/9370",0.584415584415584,1.78138387312102,4.81058650938759,3.09486903649102e-06,4.93772287185613e-05,2.70986140515721e-05,"2064/5594/7043/5898/5888/1956/5879/5295/998/5970/3551/3716/4089/4616/3845/9459/5604/581/5290/207/7422/598/6774/1019/5601/4087/1021/7040/6772/4790/5899/6198/5337/1147/595/8503/7048/10000/673/7046/5881/1950/7157/5880/1026",45
"Cellular Processes","Transport and catabolism","hsa04140","Autophagy - animal","84/3074","169/9370",0.497041420118343,1.51505468656762,4.7211236117336,3.29943039721155e-06,5.03521769313588e-05,2.76336733496436e-05,"5594/9474/6009/596/10652/5861/81671/84335/5515/26003/29982/7879/1965/6885/5295/89849/55054/81631/4893/22808/3845/9140/9451/51100/3916/5604/4218/4077/57448/5580/8837/5290/207/1508/3708/3480/598/9821/29110/3667/58476/5728/5601/30849/8678/5170/23001/23604/3146/9110/8408/7249/55062/3920/54541/27072/10533/9842/60673/55102/8673/11345/23710/6198/9342/58528/6794/8660/22800/1514/664/5562/8503/1613/10133/10000/8878/1612/115201/9711/338382/1509/57724/5567",84
"Human Diseases","Infectious disease: viral","hsa05169","Epstein-Barr virus infection","98/3074","205/9370",0.478048780487805,1.45716235301585,4.62431432755313,4.71121618815246e-06,6.89015367517297e-05,3.78137088785921e-05,"3113/890/3122/3126/3123/3127/3125/3117/3118/54205/596/5707/898/10213/5702/5701/3119/9134/3627/5879/965/637/5718/7874/3109/6885/8819/5295/11047/5970/3551/1017/3716/22938/836/4067/5709/4616/7188/29760/581/4615/23118/5704/5717/5714/5290/207/811/4734/953/10018/1432/6416/29110/6774/1019/8737/5601/841/5603/960/1021/3383/5706/2923/5610/3133/6772/4938/4790/3134/4940/4939/7128/5600/3718/6890/1147/4791/595/8503/8772/10379/864/9636/3665/3106/10000/3107/57506/23586/567/3683/4193/7157/956/1026",98
"Environmental Information Processing","Signal transduction","hsa04152","AMPK signaling pathway","64/3074","122/9370",0.524590163934426,1.59902727263031,4.65338292224045,5.08330752331532e-06,7.13696376273471e-05,3.91682221796507e-05,"79966/890/32/1994/10890/3952/6009/5527/84335/3156/3991/5515/3643/3479/948/6885/5295/5520/51552/51094/9370/5519/2203/5105/148327/1385/4218/5571/5468/55012/5862/5290/207/5518/6720/3480/3953/6319/2309/3667/1149/5170/8408/90993/7249/1374/5564/51719/2308/6198/6794/8660/10488/5106/595/5562/8503/81617/10000/5209/5529/9586/5565/5522",64
"Cellular Processes","Transport and catabolism","hsa04142","Lysosome","115/3074","249/9370",0.461847389558233,1.40777815229689,4.5568904784048,5.91363760729522e-06,7.98341076984854e-05,4.38135903698391e-05,"7805/1513/4074/206358/55207/528/84335/523/8546/55353/24141/7879/54/153129/6845/3482/9550/22901/79641/55737/1175/427/8722/55745/3916/1520/533/9374/1174/5007/51382/8763/26258/527/84062/4891/950/23062/1777/1519/163/9296/51699/282991/1508/1213/26503/1075/26175/80208/9885/26985/1201/114880/8992/1200/4758/5538/23545/5660/26031/51296/164/10542/23312/256471/537/8649/2581/9114/2720/526/114876/5476/10947/27074/4286/2519/3920/175/27072/4668/28956/23461/9842/3423/23230/8673/55315/9342/58528/23557/121260/1514/2629/388552/160/10053/1511/1522/9516/28962/255231/79158/51606/53/2799/8905/7942/1509/138050/2030/55283/1203/3988",115
"Cellular Processes","Cellular community - eukaryotes","hsa04520","Adherens junction","51/3074","93/9370",0.548387096774194,1.67156379205406,4.54769321883503,8.97703562318555e-06,0.000114222333669591,6.26861210422408e-05,"2064/5594/52/1457/5819/3643/1956/5879/51176/6885/7525/11235/387/998/10580/4089/5787/5906/6934/51701/1500/83439/889/9855/7082/3480/71/8826/10163/54922/4233/117178/6093/999/1003/1495/5795/6714/5792/2260/81607/10398/7048/5770/56288/7046/5881/10810/8976/64750/5880",51
"Cellular Processes","Cellular community - eukaryotes","hsa04530","Tight junction","83/3074","170/9370",0.488235294117647,1.48821233112633,4.48854395957733,9.11175311324375e-06,0.000114222333669591,6.26861210422408e-05,"2064/7430/9223/10096/7122/5111/10097/3059/81873/3308/10092/10093/149461/58494/5515/83700/5584/776/5879/84790/4629/387/998/5520/5010/5519/5962/10109/10552/10376/5906/4218/10094/5571/1739/3688/84612/3993/23327/5518/8531/7082/9368/4734/71/9181/1019/5601/50848/51735/1365/7408/6093/1741/11346/84952/100506658/5564/10095/57826/153562/6714/2017/140465/27134/9073/6794/7074/595/5562/10398/57530/154810/56288/1366/54566/91862/4627/1364/5565/113457/5567/5522",83
"Organismal Systems","Immune system","hsa04666","Fc gamma R-mediated phagocytosis","53/3074","98/9370",0.540816326530612,1.6484869809993,4.50914062156016,1.03467003194584e-05,0.000125230752142411,6.87276282562938e-05,"5594/1072/10096/10097/2212/81873/2934/10092/5788/2209/10093/5879/5295/50807/1398/998/10451/10109/4067/10552/3055/5604/10094/382/5580/8394/2215/2214/5290/207/8681/100137049/1073/4082/10163/8611/65108/7408/8612/274/10095/5321/6198/5337/8503/5058/1399/10000/8613/5578/10810/9846/5880",53
"Organismal Systems","Endocrine system","hsa04917","Prolactin signaling pathway","41/3074","71/9370",0.577464788732394,1.76019683488046,4.49265737328495,1.26765094337451e-05,0.00014631464272124,8.02986343319444e-05,"2099/5594/1586/5295/2932/5970/1154/5618/6776/4893/3845/5604/2001/2885/5290/207/6654/9655/1432/6774/2309/6777/6464/5601/2353/5603/122809/6772/4790/6714/8835/5600/595/8503/2592/9306/10000/9021/3717/3659/1081",41
"Human Diseases","Cancer: specific types","hsa05210","Colorectal cancer","48/3074","87/9370",0.551724137931034,1.68173557983533,4.46372676850432,1.31488795142705e-05,0.00014631464272124,8.02986343319444e-05,"5594/332/4436/2956/7043/54205/596/5898/1956/5879/51176/5295/2932/387/4089/836/4893/26060/4616/3845/6934/5366/5604/581/2885/83439/5290/207/6654/324/10018/5601/4087/2353/7040/5899/6198/595/8503/7048/10000/673/7046/5881/1950/7157/5880/1026",48
"Cellular Processes","Cell motility","hsa04810","Regulation of actin cytoskeleton","107/3074","232/9370",0.461206896551724,1.40582583626859,4.37345134397117,1.33392266868367e-05,0.00014631464272124,8.02986343319444e-05,"5594/128239/7430/1072/10096/10097/81873/7852/3679/2934/10092/81624/10093/3689/89846/6387/1956/5879/2335/2252/80310/5295/4629/5500/387/1398/998/5216/51571/10451/5962/5062/10109/4893/10552/22808/5747/2246/5156/3845/9459/5499/5604/10094/55740/5305/2247/221178/4660/8394/3688/5290/207/28984/3672/3684/6654/324/730/4638/71/1073/8826/10163/2263/79837/2149/3696/54434/6093/4659/50649/2264/3680/3071/22801/1902/81553/10095/10672/6714/5063/5154/2260/22800/7074/8503/10398/5058/3694/1399/8396/10000/673/5881/2261/4627/1950/1730/3683/26999/8976/5880/3655/3676/3691/8515",107
"Cellular Processes","Cell growth and death","hsa04210","Apoptosis","69/3074","137/9370",0.503649635036496,1.53519748870916,4.40929467743293,1.38066624709555e-05,0.000146852682645617,8.05939149022281e-05,"1513/5594/332/63970/54205/596/4001/6709/84823/4170/142/637/84790/1965/5295/597/5970/3551/836/4893/10376/4616/3845/9451/8722/5366/5604/581/1520/9131/331/8837/472/5290/207/1519/1508/56616/3708/10018/1075/3710/71/598/8737/1439/5601/4000/841/5170/2353/3002/8743/4790/1147/1514/8503/8772/1522/8996/10000/840/839/3709/5414/1509/153090/7157/113457",69
"Environmental Information Processing","Signal transduction","hsa04071","Sphingolipid signaling pathway","64/3074","125/9370",0.512,1.56065061808718,4.40920250434426,1.42994679576037e-05,0.000147554245492984,8.09789381472966e-05,"2207/5594/2773/5527/123099/596/94103/5515/29095/8879/5879/637/5295/387/5970/5520/253782/5519/4893/29956/171546/3845/9517/427/55304/5604/581/10558/55012/5290/207/5518/2770/94101/8560/1432/5728/5601/5170/5603/8439/6093/4790/10672/4363/5600/5337/8503/1903/10000/81537/5881/5529/5578/259230/1509/166929/130367/7157/9846/23236/134/5880/5522",64
"Human Diseases","Infectious disease: bacterial","hsa05131","Shigellosis","115/3074","253/9370",0.454545454545455,1.38552079020524,4.34358453354292,1.47133863027192e-05,0.000147554245492984,8.09789381472966e-05,"5594/7334/375/10096/9474/10097/54205/3059/596/81873/10092/84335/4735/10093/7416/8767/7335/11335/1956/5879/6885/5295/63916/10801/7336/2932/387/1398/7322/998/5216/5970/3551/55054/81631/7321/5481/4671/8454/10109/6500/10552/5747/113026/9140/7188/4303/581/10094/4615/23118/382/5580/472/10892/3688/5290/207/23176/7323/826/83660/3708/3710/71/598/1432/7307/102724594/29110/9181/10163/55752/2309/8737/5601/30849/8678/5603/960/6093/55062/10392/4790/10095/6714/2017/2308/3021/29108/5600/6198/58528/1147/664/8503/10398/9265/1399/23157/718/831/10000/8878/6352/3709/199746/5333/51619/9252/4193/7157/8976/23236/8356",115
"Human Diseases","Cardiovascular disease","hsa05417","Lipid and atherosclerosis","100/3074","216/9370",0.462962962962963,1.41117858261645,4.27187068971007,2.08612014219027e-05,0.000203396713863551,0.000111625726906672,"5594/7494/54205/596/3308/3312/3326/3329/1536/5879/637/6348/6349/414062/1965/9619/948/6885/22926/5295/2932/7184/387/998/5970/3551/30001/3310/10451/6648/836/4893/4067/1555/5906/5747/3845/9451/4318/581/3949/4615/5468/23118/4312/3320/5290/207/3309/4775/3708/6347/57534/598/1432/801/805/6416/29110/19/6774/3304/3303/5601/841/5170/808/2353/5603/8743/3383/4772/4688/4790/2920/6714/29108/1573/4314/5600/1147/1535/4780/8503/818/5532/353376/3665/10000/4973/7436/840/6352/839/5578/817/3717/810/7157/23236",100
"Human Diseases","Cardiovascular disease","hsa05416","Viral myocarditis","40/3074","70/9370",0.571428571428571,1.74179756482945,4.35270405891527,2.27091993401573e-05,0.00021543051265933,0.000118229970960136,"3113/3122/3126/3123/3127/3125/3117/3118/54205/3689/3119/5879/637/3908/3109/836/942/857/27/1981/71/1756/841/3383/3133/1605/3134/8672/25/8082/595/1604/3106/3107/5881/3683/6641/6445/1525/5880",40
"Human Diseases","Infectious disease: viral","hsa05163","Human cytomegalovirus infection","104/3074","227/9370",0.458149779735683,1.39650729867383,4.22557628071632,2.48420795425469e-05,0.000229462366300893,0.000125930763332024,"5594/6009/2773/54205/7852/2782/196883/6387/2778/1956/5879/637/6348/6349/414062/5295/2932/387/1398/5970/3551/6351/3716/836/4893/5733/148327/5747/5156/3845/1385/7188/54331/5604/581/1230/2885/2783/5290/2788/6376/207/811/7422/4775/6654/2770/2791/3708/6347/3710/1432/801/805/29110/6774/1019/8737/841/11214/808/5603/1021/90993/7249/4772/6093/59345/2923/3133/4790/3134/10672/10681/6714/2767/5600/6198/6890/113/1147/10488/6667/595/8503/8772/1399/5532/3106/10000/3107/6352/5881/3709/5578/567/9586/810/4193/7157/23236/5880/5567/1026",104
"Human Diseases","Infectious disease: bacterial","hsa05120","Epithelial cell signaling in Helicobacter pylori infection","40/3074","71/9370",0.563380281690141,1.71726520476142,4.23893742109421,3.56546056710121e-05,0.000320891451039109,0.000176107768901355,"528/523/58494/83700/1956/5879/998/5970/3551/9550/836/4067/533/51382/527/5781/9296/7082/102/1432/6416/8992/23545/5601/4233/50848/537/5603/9114/526/10392/4790/2920/6714/5600/1147/5058/6352/51606/5803",40
"Human Diseases","Infectious disease: bacterial","hsa05100","Bacterial invasion of epithelial cells","43/3074","78/9370",0.551282051282051,1.6803880353002,4.21614520878801,3.7606121528249e-05,0.000329993716410385,0.000181103164201831,"10096/10097/3059/81873/10092/4735/10093/10459/5879/2335/5295/63916/10801/387/1398/998/10109/10552/5747/10094/3688/858/5290/857/23176/1213/71/10163/55752/6464/26084/4233/999/1495/10095/6714/2017/2549/8503/1399/23157/23607/8976",43
"Organismal Systems","Aging","hsa04211","Longevity regulating pathway","48/3074","90/9370",0.533333333333333,1.62567772717415,4.16739007673557,4.31472874904237e-05,0.000369382875832651,0.000202720246745765,"9474/6009/84335/196883/3643/9470/3479/1977/5295/79813/5970/51094/9370/6648/4893/148327/26060/3845/1385/581/5571/5468/5290/207/3480/9821/2309/3667/8408/90993/7249/4790/5564/143686/60673/2308/6198/6794/8660/113/10488/5562/8503/10000/9586/5565/7157/5567",48
"Environmental Information Processing","Signal transduction","hsa04014","Ras signaling pathway","107/3074","238/9370",0.449579831932773,1.37038484879964,4.04412835784316,5.08022206121814e-05,0.000424561415116087,0.000233002665965644,"2277/5594/2321/2782/5898/3643/1956/5879/2252/3481/3479/80310/10156/5295/5878/387/998/5970/5921/3551/57186/5062/5966/4893/22808/5906/5868/57148/2246/5156/253959/3845/54331/4303/3082/5604/4915/2247/382/2885/2783/5869/5781/5290/2788/207/7422/27/6654/8681/100137049/2791/3480/598/801/805/29110/2263/9610/4254/6464/5601/5924/4233/808/59345/81579/6789/10125/2264/4790/9462/5899/11145/10681/5321/100271927/5063/3815/5154/23179/25/55770/2549/2260/5922/5337/1147/22800/7074/8503/1946/5058/1945/4763/284/10000/5881/2261/5578/1950/54979/810/9846/5880/5567/2114",107
"Metabolism","Global and overview maps","hsa01250","Biosynthesis of nucleotide sugars","24/3074","37/9370",0.648648648648649,1.97717561413072,4.16130013861588,6.27899840325303e-05,0.000512541497567863,0.000281286831773636,"140838/2673/7360/5238/55577/7358/8790/80146/2582/7264/55907/2585/2821/23483/5373/5236/64841/2762/55276/2592/6675/91373/54187/9945",24
"Human Diseases","Drug resistance: antineoplastic","hsa01524","Platinum drug resistance","41/3074","75/9370",0.546666666666667,1.6663196703535,4.04813288425496,7.33207975987243e-05,0.000584899999026187,0.000320997750252788,"2064/5594/332/7153/4436/2956/54205/2949/596/4259/637/5295/836/1317/5366/581/2941/331/472/5290/207/538/598/841/5170/2946/2947/2944/540/2950/2067/9446/8503/8772/10000/4257/4193/7157/2939/2938/1026",41
"Human Diseases","Infectious disease: bacterial","hsa05152","Tuberculosis","84/3074","181/9370",0.464088397790055,1.41460907198855,3.93559276611091,8.37985862168432e-05,0.000653628972491377,0.000358716755033504,"3113/3122/2207/5594/3126/3123/3127/3125/3117/3118/7043/1054/54205/596/2212/9103/2209/972/4801/3689/3119/3329/8767/7879/637/3313/3109/22925/4802/5878/387/5970/3716/836/5868/1385/3916/581/1520/533/4615/527/10892/2215/2214/5869/11151/207/3684/64581/3459/1432/801/805/23545/5601/5993/841/808/537/5603/4360/9114/7040/4800/7096/6772/4790/3920/6714/5600/8772/818/5532/718/10000/64127/51606/817/3717/1509/810/7421/30835",84
"Human Diseases","Endocrine and metabolic disease","hsa04931","Insulin resistance","55/3074","109/9370",0.504587155963303,1.53805518912692,3.94800162212778,9.37957622725196e-05,0.000714407794804779,0.000392072653918952,"32/5465/3643/57761/948/51085/5295/5500/2932/5970/2673/3551/5105/148327/1385/5499/5571/376497/6945/5580/5781/5290/207/6720/6774/10724/3667/5728/5601/9882/5170/90993/4790/1374/5564/6196/7376/2308/8473/5509/5792/6198/8660/10488/5106/5562/8503/5770/10000/11001/9021/10062/9586/5565/9945",55
"Human Diseases","Infectious disease: parasitic","hsa05140","Leishmaniasis","42/3074","78/9370",0.538461538461538,1.64130924378159,3.97398654185362,9.56614426091869e-05,0.000714407794804779,0.000392072653918952,"3113/3122/5594/3126/3123/3127/3125/3117/3118/7043/2212/9103/2209/3689/3119/1536/3109/6885/5970/3716/4615/23118/3688/2215/2214/3684/3459/1432/65108/2353/5603/1915/7040/4688/6772/4790/1917/5600/1535/718/3717/3676",42
"Cellular Processes","Cell growth and death","hsa04216","Ferroptosis","26/3074","42/9370",0.619047619047619,1.88694736189857,4.02526441716855,0.000100132005069902,0.000732215287073655,0.000401845546662105,"5094/9474/1536/81631/23657/6520/7037/5621/5093/4891/2937/55240/7018/2729/6303/7419/10533/2181/2730/2512/3162/112483/1356/7157/2180/51703",26
"Human Diseases","Infectious disease: viral","hsa05168","Herpes simplex virus 1 infection","83/3074","180/9370",0.461111111111111,1.40553386828598,3.83859080397657,0.000121110683755958,0.000867547959149819,0.000476117188557256,"3113/3122/10189/3126/3123/3127/3125/3117/3118/6430/6428/6009/54205/6427/596/6732/6426/972/3119/5819/637/1965/3109/6885/5295/5500/5970/3551/29992/6432/3716/836/8683/7188/5499/29915/581/4615/23118/5781/5290/207/811/6347/3459/598/29110/56829/841/7249/6429/2923/5610/3133/6772/4938/4790/3134/4940/4939/6714/6890/1147/8503/8772/5371/64135/10379/3665/718/3106/10000/3107/6352/10929/9021/6672/57506/23586/567/3717/6431/7157",83
"Genetic Information Processing","Replication and repair","hsa03030","DNA replication","23/3074","36/9370",0.638888888888889,1.9474264440107,3.97950491864764,0.000126218770180404,0.000886055766666434,0.000486274419852924,"2237/5982/4171/4173/246243/5984/4175/5111/4172/54107/10535/4176/5983/5557/6117/6742/5985/57804/6119/1763/5558/5427/5426",23
"Metabolism","Glycan biosynthesis and metabolism","hsa00541","Biosynthesis of various nucleotide sugars","15/3074","20/9370",0.75,2.28610930383865,4.0230299314593,0.000134361117745759,0.000924720633897286,0.000507494005107822,"51167/140838/1727/7360/51706/7358/80896/7264/55907/23483/2762/51700/6675/91373/54187",15
"Environmental Information Processing","Signal transduction","hsa04015","Rap1 signaling pathway","95/3074","212/9370",0.44811320754717,1.36591436392875,3.76541857137717,0.00015208142188181,0.00102654959770222,0.00056337854664719,"51466/2277/5594/9223/2321/2773/10411/5898/3689/196883/2778/3937/5584/3643/1956/5879/2252/3479/80310/5295/387/1398/998/5216/10451/4893/22808/5906/2246/5156/3845/3082/5604/55740/2247/1500/3688/84612/5290/889/207/7422/3684/9855/2770/83660/3480/71/1432/801/805/25865/2263/4254/260425/2149/4233/808/5603/51735/7408/999/7057/2264/1902/5899/2357/6714/8631/2533/3815/5154/5600/9863/2260/113/7074/8503/1946/64411/1945/1399/284/10000/673/56288/5881/2261/57568/5578/1950/810/3683/23236/5880",95
"Human Diseases","Cancer: specific types","hsa05220","Chronic myeloid leukemia","41/3074","77/9370",0.532467532467532,1.62303863995471,3.83573475124577,0.000160182078936933,0.00106082848503516,0.000582191071409311,"5594/7043/5295/1398/5970/3551/6776/4089/4893/4616/3845/5604/581/2885/5781/5290/207/6654/598/1019/6777/6464/1021/7040/1487/4790/25/1147/595/8503/2122/1399/7048/10000/673/7046/1488/4193/7157/9846/1026",41
"Human Diseases","Infectious disease: viral","hsa05160","Hepatitis C","73/3074","156/9370",0.467948717948718,1.42637589042924,3.75229544349133,0.000173471686014892,0.0011275659590968,0.000618817125550198,"5594/7122/5465/54205/7534/7533/149461/5515/3627/1956/637/1965/10197/5295/7531/2932/5970/5520/10971/3551/1017/7529/3716/5010/5519/836/4893/3845/5604/581/3949/2885/8837/5290/207/5518/6654/29110/6774/1019/8737/841/4600/1021/1365/100506658/5610/6772/4938/4790/4940/4939/9073/1147/595/8503/8772/10379/91543/3665/10000/673/1366/9021/4599/1950/57506/23586/10062/1364/7157/1026/5522",73
"Human Diseases","Cancer: specific types","hsa05219","Bladder cancer","25/3074","41/9370",0.609756097560976,1.85862545027532,3.8498546248752,0.000192363052815366,0.00122762602796715,0.000673730883544725,"2064/5594/1956/4893/3845/4318/5604/1890/4312/7422/1019/23604/999/7057/6714/595/1613/673/1612/2261/1950/9252/4193/7157/1026",25
"Metabolism","Global and overview maps","hsa01240","Biosynthesis of cofactors","72/3074","154/9370",0.467532467532468,1.42510709849682,3.71666720609186,0.000198173241551908,0.00124212156758428,0.000681686150451111,"1503/4337/10797/29968/6472/2058/4832/7372/8836/27235/204/25902/159/26289/80308/2643/51117/7360/51109/79646/211/5805/10201/102157402/8564/1738/2937/217/7358/219/790/1728/2677/4830/55312/2729/56474/8566/7389/326625/10229/51004/5373/1719/2235/6999/8942/587/133686/3620/4144/79001/2730/84274/9054/29922/195814/6470/4338/23475/129607/54995/8630/224/54490/210/7390/9249/205/586/1355/93100",72
"Human Diseases","Immune disease","hsa05323","Rheumatoid arthritis","48/3074","95/9370",0.505263157894737,1.5401157415334,3.69707167024366,0.000245670392617761,0.00151281241769885,0.000830243432115426,"3113/1513/3122/3126/3123/3127/3125/3117/3118/2321/10673/7043/528/523/3689/3119/6387/6348/6349/414062/3109/54/9550/942/533/51382/4312/527/7422/9296/6347/8992/23545/537/2353/9114/7040/526/3383/2920/4314/8741/1514/284/6352/51606/4050/3683",48
"Genetic Information Processing","Chromosome","hsa03083","Polycomb repressive complex","43/3074","83/9370",0.518072289156627,1.5791598404026,3.70310438689015,0.00025123439479839,0.00152040125127991,0.000834408244067249,"9212/2146/84733/7027/26147/2145/11335/11091/23492/7874/23512/7322/7321/63035/5252/6500/22823/5928/114785/23429/83746/91133/7528/7323/57666/7703/10238/8535/3607/8726/26053/64319/84759/10600/4149/54880/8473/23466/10336/80012/23269/5931/51619",43
"Cellular Processes","Cell growth and death","hsa04114","Oocyte meiosis","65/3074","138/9370",0.471014492753623,1.43572081883586,3.60301564395758,0.000306388405167835,0.00179237217023184,0.000983668037644103,"991/891/9133/4085/699/6790/9232/983/5594/367/5241/26271/5527/9088/7534/7533/898/285955/10459/5515/196883/9134/3479/9700/7531/5500/10971/10393/1017/7529/80315/5519/8379/9126/8454/6500/8697/996/8243/51433/5499/5604/5518/29945/3708/3480/3710/1432/801/805/808/5603/6196/9748/5600/8881/113/818/5532/3709/5529/817/51434/810/5567",65
"Human Diseases","Infectious disease: bacterial","hsa05135","Yersinia infection","65/3074","138/9370",0.471014492753623,1.43572081883586,3.60301564395758,0.000306388405167835,0.00179237217023184,0.000983668037644103,"5594/10096/10097/2212/81873/10092/10093/3937/5879/2335/6885/5295/63916/2932/387/1398/998/5970/3551/10451/10109/10552/5747/5604/64283/10094/4615/23118/382/8394/3688/5290/207/4775/6347/71/1432/6416/29110/10163/5601/2353/5603/9815/4772/6093/8935/4790/10095/6196/6714/2533/29108/147179/5600/644150/1147/8503/1399/10000/5881/7456/8976/5880/3676",65
"Organismal Systems","Immune system","hsa04670","Leukocyte transendothelial migration","56/3074","116/9370",0.482758620689655,1.47151863235591,3.57050213619962,0.000360382511924477,0.00207367642107363,0.00113805003765624,"5175/7430/7122/2773/10411/7852/149461/3689/58494/6387/83700/1536/5879/5295/387/7070/998/5010/10451/5906/5747/4318/1500/3688/5781/5290/3684/90952/2770/71/1432/399/50848/5603/4267/1365/7408/3383/6093/4688/100506658/1003/1495/83692/5600/9073/1535/8503/10398/1366/5578/3683/1364/3702/5880/3676",56
"Environmental Information Processing","Signaling molecules and interaction","hsa04512","ECM-receptor interaction","45/3074","89/9370",0.50561797752809,1.54119728348673,3.58442432881309,0.000371752345876561,0.00208314087416674,0.00114324420444599,"7450/1278/7148/3161/7058/1277/1293/6696/3679/5649/131873/2335/3908/1834/948/1311/255743/3913/3910/6382/3688/3672/63923/1282/1291/158326/3696/960/1284/961/7057/3680/1605/22801/3914/3909/3694/3371/3918/1288/3381/3655/3676/3691/8515",45
"Environmental Information Processing","Signaling molecules and interaction","hsa04517","IgSF CAM signaling","126/3074","299/9370",0.421404682274247,1.28450288643777,3.49350105691574,0.000373897079978646,0.00208314087416674,0.00114324420444599,"5594/7430/9223/10096/54538/10097/6586/81873/64221/10092/6709/10093/3689/58494/5819/83700/3937/5584/5879/3384/203068/84790/5295/4629/2932/387/998/5921/8832/10580/10451/5962/5062/10109/4067/10552/6711/10376/5906/5747/942/5604/4690/10094/382/2885/81928/3688/84612/9353/5781/7280/347733/5290/8500/207/3684/5376/10381/90952/962/7082/91584/4638/71/5802/8826/1432/55558/287/5601/26047/50848/5170/23136/117178/5603/51735/10383/7204/3383/999/219699/10095/6714/2308/5063/140465/57555/5600/25/9863/5792/4133/2260/8573/81607/8503/914/10398/5058/84189/6712/10000/56288/2037/342035/23380/5578/4627/23085/351/23607/3683/23114/4916/8829/8976/1525/30835/113457/5803/5789/3676/79827/8828",126
"Human Diseases","Cancer: specific types","hsa05211","Renal cell carcinoma","37/3074","70/9370",0.528571428571429,1.61116274746724,3.58616784104715,0.000399087776284331,0.00218874702305938,0.00120120169506632,"5594/7043/5546/8453/2271/5879/5295/6921/1398/54583/998/5062/4893/5906/3845/3082/5604/2885/5781/5290/207/7422/6654/4233/7040/9915/5063/2549/8503/5058/1399/10000/2034/673/112399/405/1026",37
"Environmental Information Processing","Signal transduction","hsa04668","TNF signaling pathway","57/3074","119/9370",0.478991596638655,1.46003619404821,3.52888359987471,0.000412998652021679,0.00223019272091707,0.0012239474221857,"2277/5594/83737/10059/3627/6885/5295/5970/3551/836/148327/1385/7188/4318/5604/23118/331/8837/5290/6376/207/6347/1432/6416/8737/5601/841/79651/2353/5603/90993/7133/3383/3726/4790/2920/1540/7128/4323/4314/5600/1147/10488/8503/8772/64285/602/10000/840/64127/6352/9021/9586/1906/9252/153090/3659",57
"Metabolism","Global and overview maps","hsa01230","Biosynthesis of amino acids","39/3074","75/9370",0.52,1.5850357839948,3.55430388900084,0.000435008972047776,0.00230286505599825,0.00126383057504177,"29968/2023/5230/6472/6120/729020/5832/2597/26227/7167/3419/7086/29920/2805/5634/3418/2806/1373/875/102724560/5631/2752/445/113675/10993/3417/5315/587/4144/65263/226/5831/6470/435/3421/5091/230/48/586",39
"Environmental Information Processing","Signal transduction","hsa04010","MAPK signaling pathway","126/3074","300/9370",0.42,1.28022121014964,3.44686424856388,0.000439578230062344,0.00230286505599825,0.00126383057504177,"2064/2277/5594/2321/7043/3925/4137/5536/3312/8550/3643/776/1956/5879/2252/3481/3479/80310/6885/5607/1398/998/5970/5921/3551/2066/3310/4208/5062/836/4893/9261/2065/22808/5906/4616/2246/5156/3845/3082/5604/4615/4915/23118/2247/2885/51701/207/7422/4775/6654/5494/8681/100137049/408/3480/1432/1848/6416/57551/2263/1847/4254/11221/3304/3303/5601/10746/5924/7867/9175/4233/2353/5603/3315/8649/7040/4772/6789/10125/2264/4149/9344/4790/781/5979/6196/5321/3815/5154/8913/784/5600/51776/2260/5922/1843/1147/4791/22800/8491/1946/5058/1945/2122/1399/5532/7048/4763/284/10000/673/7046/5881/2261/51295/5578/1950/27092/8912/773/9252/7157/5880/5567/80824",126
"Human Diseases","Infectious disease: parasitic","hsa05145","Toxoplasmosis","54/3074","112/9370",0.482142857142857,1.46964169532484,3.49368110923758,0.000473736785226707,0.00244531781786139,0.0013420097785834,"3113/3122/5594/3126/3123/3127/3125/3117/3118/2773/7043/54205/596/3312/3119/10105/3908/3109/6885/5970/3551/3310/3716/836/3913/3910/3949/4615/23118/331/3688/207/2770/3459/598/1432/6774/3304/3303/5601/841/5170/5603/7040/6772/4790/3914/3909/5600/1147/3918/10000/3717/3655",54
"Human Diseases","Infectious disease: viral","hsa05161","Hepatitis B","74/3074","163/9370",0.45398773006135,1.38382076469579,3.45405611084595,0.000491088698388383,0.00249814685701917,0.00137100277353279,"890/5594/332/7043/5111/54205/596/7534/898/9134/637/1654/6885/5295/5970/10971/3551/1017/7529/3716/6776/4089/836/4893/148327/3845/1385/4318/5604/581/4615/23118/2885/5290/207/4775/6654/1432/6416/29110/6774/6777/5601/841/537/2353/5603/90993/7040/4772/6772/4790/7419/6714/5600/3718/1147/10488/8503/8772/64135/7048/353376/3665/10000/673/7046/5578/57506/23586/3717/9586/7157/1026",74
"Organismal Systems","Endocrine system","hsa04926","Relaxin signaling pathway","61/3074","130/9370",0.469230769230769,1.4302837695811,3.45188919593122,0.000524074465921999,0.00262548956239407,0.00144088945844389,"1278/2277/1281/5594/1277/2773/2782/196883/2778/1956/5295/5970/4893/148327/3845/1910/1385/54331/4318/5604/59/4312/2885/2783/5290/2788/207/7422/6654/2770/2791/408/1432/6416/1282/6464/5601/4087/2353/5603/1284/90993/7040/59345/4790/10681/6714/5600/113/10488/8503/7048/10000/1288/7046/5578/4322/9586/1906/23236/5567",61
"Metabolism","Metabolism of other amino acids","hsa00480","Glutathione metabolism","32/3074","59/9370",0.542372881355932,1.65323158695676,3.51690964482206,0.000533946124213264,0.00262548956239407,0.00144088945844389,"6241/494143/2949/4259/6240/6611/2678/102724197/5226/79017/2941/2539/3418/2937/2729/2946/2947/3417/2944/51056/2950/2730/9446/493869/2936/50484/2878/290/4257/2939/2938/124975",32
"Organismal Systems","Nervous system","hsa04722","Neurotrophin signaling pathway","57/3074","120/9370",0.475,1.44786922576448,3.45014358893411,0.000538561961516732,0.00262548956239407,0.00144088945844389,"5594/596/8767/5879/5295/7531/5607/2932/387/1398/998/5970/3551/5663/397/4893/9261/5906/3845/5604/581/4915/2885/5580/5781/5290/207/6654/1432/801/805/2309/3667/6464/5601/5170/808/5603/396/4790/6196/5600/25/2549/8503/818/9500/1399/10000/673/5664/817/11213/9252/810/4916/7157",57
"Organismal Systems","Endocrine system","hsa04910","Insulin signaling pathway","64/3074","138/9370",0.463768115942029,1.41363280623839,3.42036783028354,0.000573829728899216,0.00275909910744691,0.00151421543458625,"5594/32/6009/3991/5584/3643/9470/1977/5295/5500/2932/1398/3551/10580/2203/5105/4893/3845/5499/5604/5571/2885/5573/5290/207/6654/6720/801/805/5575/3667/6464/5601/23433/5170/808/5140/7249/122809/5564/8835/2308/5509/5792/6198/8660/5261/5106/5562/8503/2319/1399/5770/10211/10000/673/9322/5257/9021/5255/810/5565/5577/5567",64
"Cellular Processes","Cell motility","hsa04820","Cytoskeleton in muscle cells","100/3074","233/9370",0.429184549356223,1.30821705512941,3.3288866391696,0.000691149444695159,0.00327828993362163,0.00179915147054359,"1278/1281/7058/1277/1293/477/1634/2023/825/1301/1462/3679/7170/4001/6709/633/81624/84823/1290/832/131873/2335/3908/4629/7169/85301/22795/25802/1311/2200/6711/7171/1289/23353/114793/29766/830/6382/1829/3688/10611/171024/3672/161176/83660/71/1282/1756/287/1291/272/2192/4000/5339/3696/1284/4604/79188/829/2273/7057/25777/3680/1824/1605/22801/200539/8082/27295/10398/8572/7111/10529/6712/1466/3694/7136/50509/7168/84033/2318/29767/1288/7138/2199/23500/4627/23002/1730/72/1465/1832/6641/481/6445/6383/3655/3676/3691/8515",100
"Cellular Processes","Transport and catabolism","hsa04148","Efferocytosis","71/3074","157/9370",0.452229299363057,1.37846081165642,3.34146101410408,0.000723209817696324,0.0033846219468188,0.00185750732124108,"714/5175/5594/713/23355/488/1524/7879/5879/948/5878/4035/1398/55754/51552/1788/23166/836/9261/5868/5747/1385/5604/682/5087/5468/6566/5869/5781/6376/811/100133941/4775/7301/2057/102/1432/23200/19/1847/24145/489/5603/4240/7040/4772/51454/84868/961/5627/7057/1374/27072/7376/5600/161291/8754/818/2621/1399/64805/5029/840/405/338382/817/3717/10062/6446/3988/80824",71
"Human Diseases","Infectious disease: bacterial","hsa05110","Vibrio cholerae infection","28/3074","51/9370",0.549019607843137,1.67349177797339,3.36975961961968,0.000907616331070275,0.00419175437112719,0.00230046798595374,"375/528/523/10945/2778/11014/29927/9550/30001/9601/533/51382/527/11015/9296/23480/7082/71/8992/23545/537/9114/526/55176/51606/5578/6558/5567",28
"Human Diseases","Infectious disease: bacterial","hsa05134","Legionellosis","30/3074","56/9370",0.535714285714286,1.6329352170276,3.3193370150637,0.00103406465757226,0.00462130884220581,0.00253621088056279,"375/54205/5861/51128/3312/3689/3329/5970/3310/4671/836/4615/3684/56681/3304/3303/841/10767/9554/1915/7415/4790/2920/57396/29108/1917/4791/664/718/840",30
"Genetic Information Processing","Folding, sorting and degradation","hsa03060","Protein export","19/3074","31/9370",0.612903225806452,1.86821835582513,3.38318552514554,0.00103602648945086,0.00462130884220581,0.00253621088056279,"6731/6726/29927/6728/439/29100/51608/6729/11231/9789/3309/23480/58477/28972/55176/196294/60559/6734/7485",19
"Human Diseases","Infectious disease: viral","hsa05170","Human immunodeficiency virus 1 infection","92/3074","214/9370",0.429906542056075,1.31041779410066,3.20971738429407,0.00104012364254775,0.00462130884220581,0.00253621088056279,"891/9133/1111/983/5594/1072/2773/54205/596/7852/2782/5879/637/6885/5295/6921/1398/9582/5970/3551/8450/5062/836/8454/6500/4893/5747/3845/7188/54331/5604/581/4615/23118/1174/472/2783/5290/2788/207/811/4775/2770/2791/3708/3710/1073/598/1432/801/805/29110/8737/5601/164/841/808/2353/5603/545/7133/4772/59345/9616/2923/3133/4790/3134/10681/2767/5063/5600/6198/6890/25939/1147/8503/8772/5058/10053/1399/5532/3106/10000/3107/5881/3709/5578/8905/567/810/5880",92
"Human Diseases","Infectious disease: viral","hsa05162","Measles","62/3074","136/9370",0.455882352941176,1.3895958513529,3.19782750821107,0.00119142022287955,0.00522735622788404,0.00286881448403893,"54205/596/898/3312/1457/9134/637/1965/4179/6885/5295/2932/5970/3551/1017/3310/3716/6776/836/581/4615/23118/5290/207/598/29110/6774/1019/6777/3304/3303/5601/841/4600/2353/1021/9367/5610/6772/4938/4790/103/4940/4939/7128/3560/3561/3718/25898/1147/595/8503/8772/64135/10379/3665/10000/4599/57506/23586/7157/30835",62
"Human Diseases","Cancer: specific types","hsa05225","Hepatocellular carcinoma","75/3074","170/9370",0.441176470588235,1.34477017872862,3.16976037783501,0.00123947330787638,0.00537105100079766,0.00294767531307834,"5594/7043/2949/1452/86/7296/6599/4259/1956/51176/3481/8322/5295/2932/6597/1857/4089/4893/29117/4616/3845/6934/3082/5604/581/2941/2885/83439/5290/207/6654/324/3480/1728/71/598/8289/1019/4040/6464/5728/4087/4233/2946/2947/1021/7040/2944/2950/8324/8323/2549/6198/57492/9446/595/3162/4780/8503/6595/7048/10000/6605/673/7046/7976/5578/6604/4257/7157/7474/2939/2938/1026/8325",75
"Organismal Systems","Endocrine system","hsa04923","Regulation of lipolysis in adipocytes","31/3074","59/9370",0.525423728813559,1.60156809986436,3.2387604865934,0.00131073096996676,0.00561056793241871,0.00307912410146236,"4881/2773/63924/3991/196883/2778/3643/5295/364/2167/5346/57104/5733/5290/207/2770/3667/11343/5140/11145/8660/113/8503/10000/154/54979/5742/153/134/5567/1081",31
"Environmental Information Processing","Signal transduction","hsa04150","mTOR signaling pathway","70/3074","158/9370",0.443037974683544,1.35044431450384,3.10410775448326,0.00154735954334707,0.00654365300861232,0.00359120857872561,"5594/8140/6009/81929/528/84335/523/51256/3643/9470/3479/8322/1977/153129/5295/2932/387/79109/3551/1857/9550/6520/4893/3845/5604/51382/2885/5290/207/9296/6654/3480/23175/4040/3667/5728/10542/5170/1975/8649/8408/6249/7249/526/54468/54541/96459/6196/28956/51719/8324/8323/6198/58528/6794/1147/5562/8503/81617/10000/673/7976/8131/51606/5578/652968/9663/6446/7474/8325",70
"Human Diseases","Drug resistance: antineoplastic","hsa01522","Endocrine resistance","47/3074","99/9370",0.474747474747475,1.44709949199214,3.12481761807268,0.00161590131799859,0.00675215907877982,0.00370563836082383,"2099/2064/5594/596/196883/2778/1956/3479/5295/4855/4893/5747/3845/4318/5604/581/8202/2885/5290/207/6654/3480/1432/4853/5469/1019/1031/6464/5601/2353/5603/638/6714/5600/6198/113/6667/595/8503/3714/10000/673/4193/2852/7157/5567/1026",47
"Cellular Processes","Cell growth and death","hsa04215","Apoptosis - multiple species","19/3074","32/9370",0.59375,1.8098365322056,3.20635503814801,0.00177116974595488,0.00731388918623722,0.00401392029114233,"332/54205/596/637/836/5366/581/57448/331/56616/10018/598/5601/8678/841/8772/840/666/5414",19
"Cellular Processes","Transport and catabolism","hsa04137","Mitophagy - animal","49/3074","105/9370",0.466666666666667,1.42246801127738,3.04180913221189,0.00205177802482837,0.00837411728738092,0.00459578186711864,"51622/221960/1457/7879/1965/5878/25820/5970/81631/4893/10651/22808/55669/5868/3845/9451/4077/54708/5869/598/65018/29110/54543/2309/10370/5601/8678/8408/267/7415/4286/25813/9958/6714/10075/11345/23710/22800/6667/664/79671/139341/10133/8878/84749/338382/7942/7157/64750",49
"Metabolism","Global and overview maps","hsa01232","Nucleotide metabolism","41/3074","85/9370",0.482352941176471,1.47028206207662,3.0432884237482,0.00215089007533397,0.00867772892462325,0.00476240633740008,"6241/1503/4860/7371/7298/8833/3251/7083/4832/204/6240/5167/51816/159/26289/7084/132/1890/1635/10201/1841/102157402/2987/953/51292/1716/4830/272/1633/56474/100/124583/51251/3615/29922/79077/7498/129607/50484/205/956",41
"Human Diseases","Endocrine and metabolic disease","hsa04936","Alcoholic liver disease","64/3074","144/9370",0.444444444444444,1.35473143931179,2.99737025602326,0.00218789937353076,0.00872673500124203,0.00478930126024079,"79966/714/32/713/5465/719/126/125/127/6434/51176/720/721/100293534/6885/2932/29896/5970/51094/3551/9370/728/836/6934/5571/50507/4615/23118/717/83439/207/217/219/501/6720/1432/6416/29110/23175/6319/2309/8737/5601/841/5603/51/4790/1374/5564/2920/2308/84818/37/5600/1147/595/5562/8772/718/224/10000/128/9663/5565",64
"Organismal Systems","Endocrine system","hsa04915","Estrogen signaling pathway","62/3074","139/9370",0.446043165467626,1.35960457398557,2.98451951601614,0.00229086050374668,0.00903474198668635,0.00495833793241446,"2099/5594/5241/2773/596/9687/3312/3326/196883/2778/7031/1956/5295/7184/3310/4893/148327/3845/1385/4318/5604/3875/2288/8202/2885/5580/5914/3320/5290/207/6654/2770/3708/3710/801/805/9166/6464/3304/3303/808/2353/2550/90993/3880/6714/113/10488/6667/8503/3872/3861/3866/10000/3709/2289/1509/9586/810/2852/23236/5567",62
"Human Diseases","Cancer: specific types","hsa05221","Acute myeloid leukemia","34/3074","68/9370",0.5,1.52407286922576,3.03056886689941,0.00236822459762076,0.00923607593072096,0.00506883159490759,"890/5594/2209/51176/7704/5295/862/597/5970/3551/6776/4893/3845/6934/5604/2885/5914/83439/5290/207/3684/6654/1848/6774/6777/4790/3815/6198/1147/595/8503/5371/10000/673",34
"Metabolism","Global and overview maps","hsa01200","Carbon metabolism","53/3074","116/9370",0.456896551724138,1.39268727705113,2.97356385380577,0.00246064163096861,0.00949104629087892,0.005208761347221,"29968/2023/5230/6472/6391/6120/729020/275/1737/2597/35/4200/2271/283871/26227/7167/3419/2203/7086/6390/5226/2805/5634/2539/3418/2806/1373/55902/1738/5096/5631/26007/113675/10993/10873/3417/2821/51/5315/2747/226/83440/4329/6470/8801/2746/3421/84532/5091/230/84693/128/48",53
